0,games,this category is for the win
1,Japanese Food,Something like yakisoba| sushi| and a lotta more
0,games,this category is for the win
1,Japanese Food,Something like yakisoba| sushi| and a lotta more
0,games,this category is for the win
1,Japanese Food,Something like yakisoba| sushi| and a lotta more
0,games,this category is for the win
1,Japanese Food,Something like yakisoba| sushi| and a lotta more
0,games,this category is for the win
1,Japanese Food,Something like yakisoba| sushi| and a lotta more
0,games,this category is for the win
1,Japanese Food,Something like yakisoba| sushi| and a lotta more
0,games,this category is for the win
1,Japanese Food,Something like yakisoba| sushi| and a lotta more
0,games,this category is for the win
1,Japanese Food,Something like yakisoba| sushi| and a lotta more
0,games,this category is for the win
1,Japanese Food,Something like yakisoba| sushi| and a lotta more
0,games,this category is for the win
1,Japanese Food,Something like yakisoba| sushi| and a lotta more
0,games,this category is for the win
1,Japanese Food,Something like yakisoba| sushi| and a lotta more
0,games,this category is for the win
1,Japanese Food,Something like yakisoba| sushi| and a lotta more
0,games,this category is for the win
1,Japanese Food,Something like yakisoba| sushi| and a lotta more
0,games,this category is for the win
1,Japanese Food,Something like yakisoba| sushi| and a lotta more
0,games,this category is for the win
1,Japanese Food,Something like yakisoba| sushi| and a lotta more
0,games,this category is for the win
1,Japanese Food,Something like yakisoba| sushi| and a lotta more
0,games,this category is for the win
1,Japanese Food,Something like yakisoba| sushi| and a lotta more
0,games,this category is for the win
1,Japanese Food,Something like yakisoba| sushi| and a lotta more
0,games,this category is for the win
1,Japanese Food,Something like yakisoba| sushi| and a lotta more
0,games,this category is for the win
1,Japanese Food,Something like yakisoba| sushi| and a lotta more
0,games,this category is for the win
1,Japanese Food,Something like yakisoba| sushi| and a lotta more
0,games,this category is for the win
1,Japanese Food,Something like yakisoba| sushi| and a lotta more
0,games,this category is for the win
1,Japanese Food,Something like yakisoba| sushi| and a lotta more
0,games,this category is for the win
1,Japanese Food,Something like yakisoba| sushi| and a lotta more
