0,kenji,nissi,steam
1,jao,jao,Steam
2,ze,zezin,fb
0,kenji,nissi,steam
1,jao,jao,Steam
2,ze,zezin,fb
0,kenji,nissi,steam
1,jao,jao,Steam
2,ze,zezin,fb
0,kenji,nissi,steam
1,jao,jao,Steam
2,ze,zezin,fb
0,kenji,nissi,steam
1,jao,jao,Steam
2,ze,zezin,fb
0,kenji,nissi,steam
1,jao,jao,Steam
2,ze,zezin,fb
0,kenji,nissi,steam
1,jao,jao,Steam
2,ze,zezin,fb
0,kenji,nissi,steam
1,jao,jao,Steam
2,ze,zezin,fb
0,kenji,nissi,steam
1,jao,jao,Steam
2,ze,zezin,fb
0,kenji,nissi,steam
1,jao,jao,Steam
2,ze,zezin,fb
0,kenji,nissi,steam
1,jao,jao,Steam
2,ze,zezin,fb
0,kenji,nissi,steam
1,jao,jao,Steam
2,ze,zezin,fb
0,kenji,nissi,steam
1,jao,jao,Steam
2,ze,zezin,fb
0,kenji,nissi,steam
1,jao,jao,Steam
2,ze,zezin,fb
0,kenji,nissi,steam
1,jao,jao,Steam
2,ze,zezin,fb
0,kenji,nissi,steam
1,jao,jao,Steam
2,ze,zezin,fb
0,kenji,nissi,steam
1,jao,jao,Steam
2,ze,zezin,fb
0,kenji,nissi,steam
1,jao,jao,Steam
2,ze,zezin,fb
0,kenji,nissi,steam
1,jao,jao,Steam
2,ze,zezin,fb
0,kenji,nissi,steam
1,jao,jao,Steam
2,ze,zezin,fb
0,kenji,nissi,steam
1,jao,jao,Steam
2,ze,zezin,fb
0,kenji,nissi,steam
1,jao,jao,Steam
2,ze,zezin,fb
0,kenji,nissi,steam
1,jao,jao,Steam
2,ze,zezin,fb
0,kenji,nissi,steam
1,jao,jao,Steam
2,ze,zezin,fb
